No Mods,addon_disable 2099983227;addon_disable 2112337678;addon_disable 2158532188;addon_disable 2173405711;addon_disable 2182131677;addon_disable 2182586257;addon_disable 2182604483;addon_disable 2192459583;addon_disable 2200667879;addon_disable 2214920274;addon_disable 2258441587;addon_disable 2263486326;addon_disable 2353427612;addon_disable 2382329189;addon_disable 2388781110;addon_disable 2395875176;addon_disable 2404559269;addon_disable 2472639103;addon_disable 2491206102;addon_disable 2518905881;addon_disable 2542185100;addon_disable 2673353084;addon_disable 2679687791;addon_disable 2680764366;addon_disable 2774673203;addon_disable 2808362643;addon_disable 2857095424;addon_disable 2880785403;addon_disable 2883987737;addon_disable 2883990019;addon_disable 2883993586;addon_disable 2884416378;addon_disable 2891235430;addon_disable 2956743603;addon_disable 2963012348;addon_disable 3008209128;addon_disable 3019548415,
Add Default,addon_disable 2956743603;addon_enable 2395875176;addon_enable 2404559269;addon_enable 2099732868;addon_enable 2099983227;addon_enable 2112337678;addon_enable 2158532188;addon_enable 2173405711;addon_enable 2182586257;addon_enable 2182604483;addon_enable 2192459583;addon_enable 2200667879;addon_enable 2214920274;addon_enable 2258441587;addon_enable 2353427612;addon_enable 2382329189;addon_enable 2491206102;addon_enable 2518905881;addon_enable 2673353084;addon_enable 2808362643;addon_enable 2857095424;addon_enable 2891235430;addon_enable 3008209128;addon_enable 3019548415,
Add Portal,addon_enable 2542185100,addon_enable 2680764366;addon_enable 2679687791,
Add No-VR,addon_enable 2956743603,
Add Levitation Maps,addon_enable 2880785403;addon_enable 2883987737;addon_enable 2883990019;addon_enable 2883993586;addon_enable 2884416378,
Add Gun<br>Replacements,addon_enable 2353427612,
Remove Gun<br>Replacements,addon_disable 2112337678;addon_disable 2263486326;addon_disable 2353427612;addon_disable 2388781110,
Add Extra Weapons,addon_enable 2382329189;addon_enable 2099983227;addon_enable 2158532188;addon_enable 2214920274;addon_enable 2404559269;addon_enable 2491206102,
Remove Extra<br>Weapons,addon_disable 2099983227;addon_disable 2158532188;addon_disable 2214920274;addon_disable 2404559269;addon_disable 2491206102,
Add Basics,addon_enable 2182586257;addon_enable 2395875176;addon_enable 2673353084,
Add QoL,addon_enable 2258441587;addon_enable 2808362643;addon_enable 3019548415,
Remove QoL,addon_disable 2258441587;addon_enable 2808362643;addon_enable 3019548415,
Add Enhancements,addon_enable 2173405711;addon_enable 2857095424;addon_enable 2891235430;addon_enable 3008209128,
Remove Enhancements,addon_disable 2173405711;addon_disable 2857095424;addon_disable 2891235430;addon_disable 3008209128,